{"cameraMode":{"drawMode":0,"name":"Shaded","section":"Shading Mode"},"sceneLighting":false,"audioPlay":false,"sceneViewState":{"m_AlwaysRefresh":false,"showFog":true,"showSkybox":false,"showFlares":true,"showImageEffects":true,"showParticleSystems":true,"showVisualEffectGraphs":true,"m_FxEnabled":true},"in2DMode":false,"pivot":{"x":0.012993812561035157,"y":1.5221245288848878,"z":-0.004415988922119141},"rotation":{"x":0.1259147822856903,"y":0.522711455821991,"z":-0.07829403877258301,"w":0.8395962715148926},"size":4.402153491973877,"orthographic":false}