{"cameraMode":{"drawMode":0,"name":"Shaded","section":"Shading Mode"},"sceneLighting":false,"audioPlay":false,"sceneViewState":{"m_AlwaysRefresh":false,"showFog":true,"showSkybox":false,"showFlares":true,"showImageEffects":true,"showParticleSystems":true,"showVisualEffectGraphs":true,"m_FxEnabled":true},"in2DMode":false,"pivot":{"x":-1.6860016584396363,"y":0.4028129577636719,"z":0.9507716298103333},"rotation":{"x":-0.15195442736148835,"y":0.6984147429466248,"z":-0.15569859743118287,"w":-0.6818475723266602},"size":2.9645936489105226,"orthographic":false}