{"cameraMode":{"drawMode":0,"name":"Shaded","section":"Shading Mode"},"sceneLighting":false,"audioPlay":false,"sceneViewState":{"m_AlwaysRefresh":false,"showFog":true,"showSkybox":false,"showFlares":true,"showImageEffects":true,"showParticleSystems":true,"showVisualEffectGraphs":true,"m_FxEnabled":true},"in2DMode":false,"pivot":{"x":0.30741333961486819,"y":3.214630365371704,"z":7.222163200378418},"rotation":{"x":-0.01975197345018387,"y":-0.9700769782066345,"z":0.22693967819213868,"w":-0.08430978655815125},"size":2.915475845336914,"orthographic":false}