{"cameraMode":{"drawMode":0,"name":"Shaded","section":"Shading Mode"},"sceneLighting":false,"audioPlay":false,"sceneViewState":{"m_AlwaysRefresh":false,"showFog":true,"showSkybox":false,"showFlares":true,"showImageEffects":true,"showParticleSystems":true,"showVisualEffectGraphs":true,"m_FxEnabled":true},"in2DMode":false,"pivot":{"x":1.4614758491516114,"y":3.1027462482452394,"z":0.6164799928665161},"rotation":{"x":0.04978040233254433,"y":-0.7687042355537415,"z":0.06034905090928078,"w":0.6348246932029724},"size":2.546114444732666,"orthographic":false}