{"cameraMode":{"drawMode":0,"name":"Shaded","section":"Shading Mode"},"sceneLighting":false,"audioPlay":false,"sceneViewState":{"m_AlwaysRefresh":false,"showFog":true,"showSkybox":false,"showFlares":true,"showImageEffects":true,"showParticleSystems":true,"showVisualEffectGraphs":true,"m_FxEnabled":true},"in2DMode":false,"pivot":{"x":-3.329582452774048,"y":20.752498626708986,"z":-35.756004333496097},"rotation":{"x":-0.22278133034706117,"y":-0.07399038970470429,"z":0.01704569160938263,"w":-0.972011387348175},"size":0.000017320508050033823,"orthographic":false}