{"cameraMode":{"drawMode":0,"name":"Shaded","section":"Shading Mode"},"sceneLighting":false,"audioPlay":false,"sceneViewState":{"m_AlwaysRefresh":false,"showFog":true,"showSkybox":false,"showFlares":true,"showImageEffects":true,"showParticleSystems":true,"showVisualEffectGraphs":true,"m_FxEnabled":true},"in2DMode":false,"pivot":{"x":-0.028367232531309129,"y":0.21883416175842286,"z":-0.14049358665943147},"rotation":{"x":-0.2843654453754425,"y":-0.0952925756573677,"z":0.028393849730491639,"w":-0.9535806179046631},"size":0.21650634706020356,"orthographic":false}