{"cameraMode":{"drawMode":0,"name":"Shaded","section":"Shading Mode"},"sceneLighting":false,"audioPlay":false,"sceneViewState":{"m_AlwaysRefresh":false,"showFog":true,"showSkybox":false,"showFlares":true,"showImageEffects":true,"showParticleSystems":true,"showVisualEffectGraphs":true,"m_FxEnabled":true},"in2DMode":false,"pivot":{"x":-7.724860191345215,"y":5.8892927169799809,"z":-2.218064785003662},"rotation":{"x":-0.19014236330986024,"y":-0.6176526546478272,"z":0.1572769731283188,"w":-0.7468603253364563},"size":0.000017320508050033823,"orthographic":false}