{"cameraMode":{"drawMode":0,"name":"Shaded","section":"Shading Mode"},"sceneLighting":false,"audioPlay":false,"sceneViewState":{"m_AlwaysRefresh":false,"showFog":true,"showSkybox":false,"showFlares":true,"showImageEffects":true,"showParticleSystems":true,"showVisualEffectGraphs":true,"m_FxEnabled":true},"in2DMode":false,"pivot":{"x":0.9611815810203552,"y":1.8398529291152955,"z":2.6973798274993898},"rotation":{"x":-0.12467731535434723,"y":-0.40178006887435915,"z":0.05528679117560387,"w":-0.9055394530296326},"size":8.746429443359375,"orthographic":false}